_id,CREATIONDATE,ADDRESS,CATEGORY,CLOSEDDATETIME,DESCRIPTION,DAYS_TO_CLOSE,CLEANED_ADDRESS,geometry,OBJECTID,NEIGHBORHD,WORKGROUP
3,2025-07-31T00:00:00Z,"3051 N BUFFUM ST, MILWAUKEE, WI, 53212-2112",Large Items Discarded on Private Property,2025-08-01T00:00:00Z,BRUSH IN YARD,1,"3051 N BUFFUM ST, MILWAUKEE, WI, 53212-2112","c(-87.906758947255, 43.074054379516)",57,HARAMBEE,3
5,2025-07-31T00:00:00Z,"3404 W SCOTT ST, MILWAUKEE, WI, 53215-1502",Recycling Cart: Damaged,NA,One of the recycling carts are damaged,6,"3404 W SCOTT ST, MILWAUKEE, WI, 53215-1502","c(-87.956738894785, 43.019193188762)",148,SILVER CITY,5
6,2025-07-31T00:00:00Z,"2841 N HUBBARD ST, MILWAUKEE, WI, 53212-2432",Large Items Discarded on Private Property,NA,WOOD AND BRUSH ON PROPERTY,6,"2841 N HUBBARD ST, MILWAUKEE, WI, 53212-2432","c(-87.908700866582, 43.070316679343)",57,HARAMBEE,3
12,2025-07-31T00:00:00Z,"2447 N 6TH ST, MILWAUKEE, WI, 53212-2705",Broken Branch Down - Blocking Driveway,2025-07-31T00:00:00Z,Operator contacted A. Unger.,0,"2447 N 6TH ST, MILWAUKEE, WI, 53212-2705","c(-87.919067269153, 43.063183847379)",57,HARAMBEE,3
18,2025-07-31T00:00:00Z,"2062 S 36TH ST, MILWAUKEE, WI, 53215-2002",Scattered Litter and Debris on Private Property,2025-07-31T00:00:00Z,SCATTERED TRASH AND GARBAGE NEEDS TO BE REMOVED.,0,"2062 S 36TH ST, MILWAUKEE, WI, 53215-2002","c(-87.958774775247, 43.007113525182)",15,BURNHAM PARK,6
28,2025-07-31T00:00:00Z,"2447 N 6TH ST, MILWAUKEE, WI, 53212-2705",INFO ONLY: Forestry Information,2025-07-31T00:00:00Z,NA,0,"2447 N 6TH ST, MILWAUKEE, WI, 53212-2705","c(-87.919067269153, 43.063183847379)",57,HARAMBEE,3
60,2025-07-30T00:00:00Z,"2254 S 34TH ST, MILWAUKEE, WI, 53215-2354",Scattered Litter and Debris on Private Property,2025-07-30T00:00:00Z,YARDWASTE AND SCATTERED TRASH BEHIND PROPERTY AND NEEDS TO BE REMOVED.,0,"2254 S 34TH ST, MILWAUKEE, WI, 53215-2354","c(-87.956380316967, 43.003566890491)",82,LAYTON PARK,6
93,2025-07-29T00:00:00Z,"1608 S 31ST ST, MILWAUKEE, WI, 53215-1933",Scattered Litter and Debris on Private Property,2025-07-30T00:00:00Z,CONSTRUUCTION AND WOOD,1,"1608 S 31ST ST, MILWAUKEE, WI, 53215-1933","c(-87.952429506906, 43.013840463485)",15,BURNHAM PARK,6
121,2025-07-27T00:00:00Z,"2002 S 32ND ST, MILWAUKEE, WI, 53215-2109",Potholes,NA,Large pothole in front of house,10,"2002 S 32ND ST, MILWAUKEE, WI, 53215-2109","c(-87.953757200369, 43.008365488149)",15,BURNHAM PARK,6
154,2025-07-27T00:00:00Z,"3501 W CENTER ST, MILWAUKEE, WI, 53210-0000",Special Pickup - Accident Debris,NA,Major car debris on s/E corner and e/b curb line,10,"3501 W CENTER ST, MILWAUKEE, WI, 53210-0000","c(-87.957667274381, 43.067769754244)",104,METCALFE PARK,1
159,2025-07-26T00:00:00Z,"2847 N PALMER ST, MILWAUKEE, WI, 53212-2435",Garbage Supervisor Callback,NA,No one has picked up our garnagetrash in over a week. Please send me the times they are suppose to be here.,11,"2847 N PALMER ST, MILWAUKEE, WI, 53212-2435","c(-87.90988011654, 43.070368102319)",57,HARAMBEE,3
211,2025-07-26T00:00:00Z,"308 E HADLEY ST, MILWAUKEE, WI, 53212-2516",Scattered Litter and Debris on Private Property,NA,"Over grown weeds on east side of home encroaching 312 E. Hadley St. My tenants at 312-314 have complained to me repeatedly about this. They have talked to the tenants without any action. Not sure what can be done about this, but thank you in advance for your help.",11,"308 E HADLEY ST, MILWAUKEE, WI, 53212-2516","c(-87.907402006866, 43.069488170123)",57,HARAMBEE,3
295,2025-07-25T00:00:00Z,"2900 W ARTHUR AV, MILWAUKEE, WI, 53215-2940",Scattered Litter and Debris on Private Property,2025-07-25T00:00:00Z,COCNSTRUCTION ON PROPERTY.,0,"2900 W ARTHUR AV, MILWAUKEE, WI, 53215-2940","c(-87.950755976118, 42.999758530874)",82,LAYTON PARK,6
321,2025-07-24T00:00:00Z,"2013 S 29TH ST, MILWAUKEE, WI, 53215-2231",Broken Branch Down - Blocking Sidewalk,2025-07-24T00:00:00Z,"City branch down approximately car length and thick as football, blocking sidewalk.",0,"2013 S 29TH ST, MILWAUKEE, WI, 53215-2231","c(-87.95071331223, 43.00818971964)",15,BURNHAM PARK,6
347,2025-07-23T00:00:00Z,"819 S 36TH ST, MILWAUKEE, WI, 53215-1018",Scattered Litter and Debris on Private Property,NA,FURNITURE BEHIND PROPERTY.,14,"819 S 36TH ST, MILWAUKEE, WI, 53215-1018","c(-87.959221614506, 43.022136074967)",148,SILVER CITY,5
348,2025-07-23T00:00:00Z,"814 S 37TH ST, MILWAUKEE, WI, 53215-1023",Scattered Litter and Debris on Private Property,NA,"WOOD, DIRT,BRANCHES AND 1 GALLON OF MOTOR OIL BEHIND PROPERTY.",14,"814 S 37TH ST, MILWAUKEE, WI, 53215-1023","c(-87.959706507604, 43.022203088283)",148,SILVER CITY,5
398,2025-07-21T00:00:00Z,"2254 S 35TH ST, MILWAUKEE, WI, 53215-2307",Scattered Litter and Debris on Private Property,2025-07-21T00:00:00Z,SEVERAL BAGS OF TRASH IN YARD AND NEEDS TO BE REMOVED.,0,"2254 S 35TH ST, MILWAUKEE, WI, 53215-2307","c(-87.957633327673, 43.003606201617)",82,LAYTON PARK,6
450,2025-07-20T00:00:00Z,"2111 S 35TH ST, MILWAUKEE, WI, 53215-2304",Pothole in Alley,NA,From my address north we have good sized potholes that are deep. I have to drive around them to get to my garage. Then try to park with the potholes by my house. I am hoping you can repair them soon,17,"2111 S 35TH ST, MILWAUKEE, WI, 53215-2304","c(-87.9581452105, 43.006319130308)",82,LAYTON PARK,6
482,2025-07-19T00:00:00Z,"2642 N 2ND ST, MILWAUKEE, WI, 53212-2813",Dead Animal,NA,dog in alley,18,"2642 N 2ND ST, MILWAUKEE, WI, 53212-2813","c(-87.912256637547, 43.066731739355)",57,HARAMBEE,3
517,2025-07-17T00:00:00Z,"929 S 31ST ST, MILWAUKEE, WI, 53215-1540",Scattered Litter and Debris on Private Property,NA,MATTRESES ON PROPERTY,20,"929 S 31ST ST, MILWAUKEE, WI, 53215-1540","c(-87.952851116635, 43.02120170231)",148,SILVER CITY,5
519,2025-07-17T00:00:00Z,"925 S 31ST ST, MILWAUKEE, WI, 53215-1540",Scattered Litter and Debris on Private Property,2025-07-17T00:00:00Z,9 BAGS ON PROPERTY WITH YARD-WASTE AND NEEDS TO BE REMOVED.,0,"925 S 31ST ST, MILWAUKEE, WI, 53215-1540","c(-87.952859498538, 43.021286946266)",148,SILVER CITY,5
567,2025-07-16T00:00:00Z,"2868 N 6TH ST, MILWAUKEE, WI, 53212-2334",Small Items Discarded on Private Property,2025-07-16T00:00:00Z,All have piles of trash on ground and not discarded in a trash can. Furniture left in the back of the house near alley. Due to the constant trash that is on the ground it is starting to attract rodent.,0,"2868 N 6TH ST, MILWAUKEE, WI, 53212-2334","c(-87.918125310875, 43.070952949613)",57,HARAMBEE,3
631,2025-07-14T00:00:00Z,"214 E CHAMBERS ST, MILWAUKEE, WI, 53212-2416",Missed Collection: Garbage,NA,"I have a child in diapers , my collection was missed this last week I need garbage picked up asap. There are bags with nasty poppy diapers out there.",23,"214 E CHAMBERS ST, MILWAUKEE, WI, 53212-2416","c(-87.908934218767, 43.07315290583)",57,HARAMBEE,3
667,2025-07-12T00:00:00Z,"3643 W GREENFIELD AV, MILWAUKEE, WI, 53215-1447",Broken Branch Down - Not Blocking,NA,"Car crashed into the island last night and knocked down the tree in the island. Traffic and pedestrians can walk by fine, no issues. But the tree appears to be salvageable. It needs to be replanted.  Also the car weight carved holes into the soil.",25,"3643 W GREENFIELD AV, MILWAUKEE, WI, 53215-1447","c(-87.960047315788, 43.016734022189)",15,BURNHAM PARK,6
668,2025-07-12T00:00:00Z,"2935 W GREENFIELD AV, MILWAUKEE, WI, 53215-1920",Exterior of Building in Disrepair,NA,This porch on this property still has not been repaired. its been months now. PLease contact the owners and have that repair done immidiately.,25,"2935 W GREENFIELD AV, MILWAUKEE, WI, 53215-1920","c(-87.951333573065, 43.016684736599)",15,BURNHAM PARK,6
740,2025-07-07T00:00:00Z,"2253 S 33RD ST, MILWAUKEE, WI, 53215-2413",Broken Branch Down - On Private Building or Residence,2025-07-07T00:00:00Z,"BBD, part on roof, part on front yard, approx 10ft long, caller is not sure of width, partially blocking front door but can still get through front door, caller does have access via another door as well...called *3593-Lisa",0,"2253 S 33RD ST, MILWAUKEE, WI, 53215-2413","c(-87.955666178817, 43.003668101972)",82,LAYTON PARK,6
743,2025-07-07T00:00:00Z,"2253 S 33RD ST, MILWAUKEE, WI, 53215-2413",Trim City Tree,NA,"2 city trees at curb here, too close to roof, please trim",30,"2253 S 33RD ST, MILWAUKEE, WI, 53215-2413","c(-87.955666178817, 43.003668101972)",82,LAYTON PARK,6
781,2025-07-06T00:00:00Z,"2253 S 33RD ST, MILWAUKEE, WI, 53215-2413",Broken Branch Down - Not Blocking,2025-07-07T00:00:00Z,A tree fall in to my property,1,"2253 S 33RD ST, MILWAUKEE, WI, 53215-2413","c(-87.955666178817, 43.003668101972)",82,LAYTON PARK,6
831,2025-07-05T00:00:00Z,"3707 W GREENFIELD AV, MILWAUKEE, WI, 53215-1449",Special Pickup - Accident Debris,NA,ACCIDENT DEBRIS CLEAN UP,32,"3707 W GREENFIELD AV, MILWAUKEE, WI, 53215-1449","c(-87.960531789791, 43.016641611707)",15,BURNHAM PARK,6
842,2025-07-05T00:00:00Z,"2526 N 37TH ST, MILWAUKEE, WI, 53210-3046",Garbage Cart: Missing,NA,My garbage cans have been stolen,32,"2526 N 37TH ST, MILWAUKEE, WI, 53210-3046","c(-87.959515735488, 43.064904861648)",104,METCALFE PARK,1
844,2025-07-05T00:00:00Z,"2526 N 37TH ST, MILWAUKEE, WI, 53210-3046",Recycling Cart: Missing,NA,NA,32,"2526 N 37TH ST, MILWAUKEE, WI, 53210-3046","c(-87.959515735488, 43.064904861648)",104,METCALFE PARK,1
848,2025-07-05T00:00:00Z,"2918 N 7TH ST, MILWAUKEE, WI, 53212-2339",Garbage Cart Collection Request: Cart Not at Collection Point,NA,NA,32,"2918 N 7TH ST, MILWAUKEE, WI, 53212-2339","c(-87.919544283263, 43.071719935663)",57,HARAMBEE,3
874,2025-07-02T00:00:00Z,"2559 S 34TH ST, MILWAUKEE, WI, 53215-2811",Scattered Litter and Debris on Private Property,NA,BAGS OF WOOD AND SCATTERED TRASH BEHIND PROPERTY NEEDS TO BE REMOVED.,35,"2559 S 34TH ST, MILWAUKEE, WI, 53215-2811","c(-87.957131670768, 42.998099291231)",82,LAYTON PARK,6
885,2025-07-01T00:00:00Z,"740 S 38TH ST, MILWAUKEE, WI, 53215-1001",Recycling Cart: Missing,NA,Duplex missing 1 RC,36,"740 S 38TH ST, MILWAUKEE, WI, 53215-1001","c(-87.960862958786, 43.022584758244)",148,SILVER CITY,5
938,2025-06-30T00:00:00Z,"2571 S 28TH ST, MILWAUKEE, WI, 53215-2929",Scattered Litter and Debris on Private Property,NA,CHAIRS ON PROPERTY.,37,"2571 S 28TH ST, MILWAUKEE, WI, 53215-2929","c(-87.949621904618, 42.998009688686)",82,LAYTON PARK,6
1024,2025-06-28T00:00:00Z,"3726 W DOROTHY PL, MILWAUKEE, WI, 53215-1402",Garbage Cart Not Returned to Storage Location,NA,"The 4 garbage containers are always blocking the sidewalk. Now in the summer my son and other children in the neighborhood ride their bicycles and we have a neighbor in wheelchairs and they cannot pass on that side of the sidewalk without a problem. The sidewalks are supposed to be clear. I previously sent a complaint and they did nothing, I also spoke with the renters and the owner and they didn't care.",39,"3726 W DOROTHY PL, MILWAUKEE, WI, 53215-1402","c(-87.960881231334, 43.018393555199)",148,SILVER CITY,5
1060,2025-06-27T00:00:00Z,"2528 N 34TH ST, MILWAUKEE, WI, 53210-3030",Garbage Cart: New Customer,NA,NA,40,"2528 N 34TH ST, MILWAUKEE, WI, 53210-3030","c(-87.956067671979, 43.064977700387)",104,METCALFE PARK,1
1070,2025-06-27T00:00:00Z,"1621 S 29TH ST, MILWAUKEE, WI, 53215-1938",Scattered Litter and Debris on Private Property,2025-06-27T00:00:00Z,BRICKS BEHIND PROPERTY NEEDS TO BE REMOVED.,0,"1621 S 29TH ST, MILWAUKEE, WI, 53215-1938","c(-87.950576351933, 43.013601663063)",15,BURNHAM PARK,6
1071,2025-06-27T00:00:00Z,"2254 S 35TH ST, MILWAUKEE, WI, 53215-2307",Scattered Litter and Debris on Private Property,2025-06-27T00:00:00Z,YARD-WASTE AND GARBAGE BAGS SCATTERED  ON ROPERTY.,0,"2254 S 35TH ST, MILWAUKEE, WI, 53215-2307","c(-87.957633327673, 43.003606201617)",82,LAYTON PARK,6
1111,2025-06-26T00:00:00Z,"2900 S 32ND ST, MILWAUKEE, WI, 53215-3617",Missed Collection: Recycling,2025-06-26T00:00:00Z,Cart was not picked ip yesterday.,0,"2900 S 32ND ST, MILWAUKEE, WI, 53215-3617","c(-87.954100271666, 42.992049778342)",82,LAYTON PARK,6
1185,2025-06-23T00:00:00Z,"1123 S 37TH ST, MILWAUKEE, WI, 53215-1421",Broken Branch Hanging Over Sidewalk,2025-06-23T00:00:00Z,Giant branch from Saturdays incident fell in front yard,0,"1123 S 37TH ST, MILWAUKEE, WI, 53215-1421","c(-87.960285780933, 43.01929205331)",148,SILVER CITY,5
1189,2025-06-23T00:00:00Z,"1030 S 33RD ST, MILWAUKEE, WI, 53215-1525",Scattered Litter and Debris on Private Property,NA,CARPET,44,"1030 S 33RD ST, MILWAUKEE, WI, 53215-1525","c(-87.954776523614, 43.020201741262)",148,SILVER CITY,5
1204,2025-06-23T00:00:00Z,"1656 S 31ST ST, MILWAUKEE, WI, 53215-1933",Garbage Cart: No Cart,NA,"duplex, no g-cart on site",44,"1656 S 31ST ST, MILWAUKEE, WI, 53215-1933","c(-87.952462531604, 43.012853033381)",15,BURNHAM PARK,6
1215,2025-06-22T00:00:00Z,"2174 S 25TH ST, MILWAUKEE, WI, 53215-2509",Broken Branch Down - Blocking Street,2025-06-23T00:00:00Z,Large branch down blocking street,1,"2174 S 25TH ST, MILWAUKEE, WI, 53215-2509","c(-87.944948909779, 43.005110543689)",82,LAYTON PARK,6
1243,2025-06-22T00:00:00Z,"2585 S 33RD ST, MILWAUKEE, WI, 53215-2806",Broken Branch Down - Blocking Street,NA,"fallen tree, street blocked. Called CHO.",45,"2585 S 33RD ST, MILWAUKEE, WI, 53215-2806","c(-87.955925011987, 42.997655385638)",82,LAYTON PARK,6
1251,2025-06-22T00:00:00Z,"2585 S 33RD ST, MILWAUKEE, WI, 53215-2806",City Tree Down,2025-06-23T00:00:00Z,CITY TREE DOWN BLOCKING ROAD,1,"2585 S 33RD ST, MILWAUKEE, WI, 53215-2806","c(-87.955925011987, 42.997655385638)",82,LAYTON PARK,6
1302,2025-06-22T00:00:00Z,"3915 N 4TH ST, MILWAUKEE, WI, 53212-0000",Street Light Out,2025-06-23T00:00:00Z,whole block,1,"3915 N 4TH ST, MILWAUKEE, WI, 53212-0000","c(-87.9077749, 43.0713269)",57,HARAMBEE,3
1347,2025-06-22T00:00:00Z,"2301 S 28TH ST, MILWAUKEE, WI, 53215-2925",Garbage Cart: Missing,NA,Notice it was missing when garbage did not get picked up,45,"2301 S 28TH ST, MILWAUKEE, WI, 53215-2925","c(-87.949527692026, 43.003008446192)",82,LAYTON PARK,6
1349,2025-06-22T00:00:00Z,"2301 S 28TH ST, MILWAUKEE, WI, 53215-2925",Missed Collection: Garbage,2025-06-23T00:00:00Z,One garbage bin did not get picked up and noticed the other missing,1,"2301 S 28TH ST, MILWAUKEE, WI, 53215-2925","c(-87.949527692026, 43.003008446192)",82,LAYTON PARK,6
1354,2025-06-22T00:00:00Z,"2221 S 25TH ST, MILWAUKEE, WI, 53215-2510",Recycling Cart: Missing,NA,NA,45,"2221 S 25TH ST, MILWAUKEE, WI, 53215-2510","c(-87.945477472593, 43.004403781614)",82,LAYTON PARK,6
1360,2025-06-21T00:00:00Z,2299 S 35TH ST,Traffic Signals,NA,NA,46,"2299 S 35TH ST, MILWAUKEE, WI","c(-87.958122370562, 43.003155417082)",82,LAYTON PARK,6
1367,2025-06-21T00:00:00Z,"2964 N RICHARDS ST, MILWAUKEE, WI, 53212-2442",Other Miscellaneous Forestry Request,NA,"Weeds pickup/disposal request for piles of weeds in alley, along the northside of the house",46,"2964 N RICHARDS ST, MILWAUKEE, WI, 53212-2442","c(-87.907500158952, 43.072560221456)",57,HARAMBEE,3
1443,2025-06-20T00:00:00Z,"3430 W LINCOLN AV, MILWAUKEE, WI, 53215-0000",Weeds and Tall Grass Complaint,2025-06-20T00:00:00Z,Tall grass and weeds. It's an eyesore to the neighborhood.,0,"3430 W LINCOLN AV, MILWAUKEE, WI, 53215-0000","c(-87.957486057634, 43.00334447669)",82,LAYTON PARK,6
1455,2025-06-19T00:00:00Z,"3458 W FOREST HOME AV, MILWAUKEE, WI, 53215-0000",Clogged Catch Basin/Surface Flooding,2025-06-20T00:00:00Z,"clogged drain, rocks n stuff. (Bridge)",1,"3458 W FOREST HOME AV, MILWAUKEE, WI, 53215-0000","c(-87.957771629075, 42.996089478487)",82,LAYTON PARK,6
1472,2025-06-18T00:00:00Z,"2601 W BECHER ST, MILWAUKEE, WI, 53215-2462",Clogged Catch Basin/Surface Flooding,NA,Clogged sewer.,49,"2601 W BECHER ST, MILWAUKEE, WI, 53215-2462","c(-87.946728974556, 43.006571132227)",82,LAYTON PARK,6
1473,2025-06-18T00:00:00Z,"2203 S LAYTON BL, MILWAUKEE, WI, 53215-2460",Clogged Catch Basin/Surface Flooding,NA,Clogged Sewer.,49,"2203 S LAYTON BL, MILWAUKEE, WI, 53215-2460","c(-87.948436535871, 43.004804981409)",82,LAYTON PARK,6
1478,2025-06-18T00:00:00Z,"2814 W LINCOLN AV, MILWAUKEE, WI, 53215-2451",Settlement,NA,Concrete patch in roadway has settled creating a dip deep enough dip cars swerve to avoid.,49,"2814 W LINCOLN AV, MILWAUKEE, WI, 53215-2451","c(-87.949824998132, 43.003388691229)",82,LAYTON PARK,6
1500,2025-06-17T00:00:00Z,2913 S 34TH ST,Branches or Bushes Blocking Street Light,2025-06-18T00:00:00Z,Tree leaves are blocking street light and the electrical wire is also tangled in the branches.,1,"2913 S 34TH ST, MILWAUKEE, WI","c(-87.95706830358, 42.991795597128)",82,LAYTON PARK,6
1516,2025-06-16T00:00:00Z,"3350 N RICHARDS ST, MILWAUKEE, WI, 53212-1640",Garbage Cart: Missing,NA,"Duplex, should be two on site.  Currently only one.",51,"3350 N RICHARDS ST, MILWAUKEE, WI, 53212-1640","c(-87.907203020485, 43.079533000979)",57,HARAMBEE,3
1517,2025-06-16T00:00:00Z,"3350 N RICHARDS ST, MILWAUKEE, WI, 53212-1640",Recycling Cart: Missing,NA,"Duplex, should be two on site. Currently only one.",51,"3350 N RICHARDS ST, MILWAUKEE, WI, 53212-1640","c(-87.907203020485, 43.079533000979)",57,HARAMBEE,3
1521,2025-06-15T00:00:00Z,"2868 N 6TH ST, MILWAUKEE, WI, 53212-2334",Light Nuisance,NA,Always playing loud music through their vehicle between 1 and 2am in the morning. Yelling to the top of their lungs during the day.,52,"2868 N 6TH ST, MILWAUKEE, WI, 53212-2334","c(-87.918125310875, 43.070952949613)",57,HARAMBEE,3
1557,2025-06-15T00:00:00Z,"2829 N HUBBARD ST, MILWAUKEE, WI, 53212-2432",Garbage Cart: New Customer,NA,NA,52,"2829 N HUBBARD ST, MILWAUKEE, WI, 53212-2432","c(-87.908654598477, 43.070079345754)",57,HARAMBEE,3
1559,2025-06-15T00:00:00Z,"2829 N HUBBARD ST, MILWAUKEE, WI, 53212-2432",Recycling Cart: New Customer,NA,NA,52,"2829 N HUBBARD ST, MILWAUKEE, WI, 53212-2432","c(-87.908654598477, 43.070079345754)",57,HARAMBEE,3
1578,2025-06-14T00:00:00Z,"3337 N HOLTON ST, MILWAUKEE, WI, 53212-1651",Garbage Cart: Delete,NA,Please remove 1 extra garbage cart,53,"3337 N HOLTON ST, MILWAUKEE, WI, 53212-1651","c(-87.905382387296, 43.079263019878)",57,HARAMBEE,3
1617,2025-06-12T00:00:00Z,"2868 N 6TH ST, MILWAUKEE, WI, 53212-2334",Property Not Recorded Properly,NA,Non-owner occupied property not recorded.,55,"2868 N 6TH ST, MILWAUKEE, WI, 53212-2334","c(-87.918125310875, 43.070952949613)",57,HARAMBEE,3
1626,2025-06-12T00:00:00Z,"2543 N 37TH ST, MILWAUKEE, WI, 53210-3047",Scattered Litter and Debris on Private Property,NA,SCATTERED DEBRIS,55,"2543 N 37TH ST, MILWAUKEE, WI, 53210-3047","c(-87.960183940809, 43.065226475273)",104,METCALFE PARK,1
1627,2025-06-12T00:00:00Z,"2463 N 35TH ST, MILWAUKEE, WI, 53210-3035",Scattered Litter and Debris on Private Property,NA,SCATTERED DEBRIS,55,"2463 N 35TH ST, MILWAUKEE, WI, 53210-3035","c(-87.957718152533, 43.063807712432)",104,METCALFE PARK,1
1628,2025-06-12T00:00:00Z,"2436 N 36TH ST, MILWAUKEE, WI, 53210-3039",Scattered Litter and Debris on Private Property,NA,SCATTEED DEBRIS,55,"2436 N 36TH ST, MILWAUKEE, WI, 53210-3039","c(-87.958349980395, 43.063318712201)",104,METCALFE PARK,1
1629,2025-06-12T00:00:00Z,"2644 N 30TH ST, MILWAUKEE, WI, 53210-0000",Scattered Litter and Debris on Private Property,NA,SCATTEERD DEBRIS,55,"2644 N 30TH ST, MILWAUKEE, WI, 53210-0000","c(-87.95076787842, 43.067169358519)",104,METCALFE PARK,1
1635,2025-06-11T00:00:00Z,"3714 W FREDERICA PL, MILWAUKEE, WI, 53215-1424",Trim City Tree,NA,Branches too long over sidewalk,56,"3714 W FREDERICA PL, MILWAUKEE, WI, 53215-1424","c(-87.960558528062, 43.020025637476)",148,SILVER CITY,5
1636,2025-06-11T00:00:00Z,"3713 W FREDERICA PL, MILWAUKEE, WI, 53215-1423",Trim City Tree,NA,Branches too long over sidewalk,56,"3713 W FREDERICA PL, MILWAUKEE, WI, 53215-1423","c(-87.960578309354, 43.019591496801)",148,SILVER CITY,5
1654,2025-06-11T00:00:00Z,"2604 N 1ST ST, MILWAUKEE, WI, 53212-2807",Interior of Building in Disrepair,2025-06-11T00:00:00Z,inspection,0,"2604 N 1ST ST, MILWAUKEE, WI, 53212-2807","c(-87.91066876981, 43.065914336157)",57,HARAMBEE,3
1655,2025-06-11T00:00:00Z,"2457 N 6TH ST, MILWAUKEE, WI, 53212-2705",Garbage Cart: Delete,NA,"This property has 2G and 1R with address on it.  
Extra carts appeared this morning and do not belong here (3G and 1R).",56,"2457 N 6TH ST, MILWAUKEE, WI, 53212-2705","c(-87.91872302439, 43.063399849023)",57,HARAMBEE,3
1657,2025-06-11T00:00:00Z,"1627 S 36TH ST, MILWAUKEE, WI, 53215-1828",Missed Collection: Garbage,2025-06-12T00:00:00Z,"Not collected as schedule today, please send a crew to collect.",1,"1627 S 36TH ST, MILWAUKEE, WI, 53215-1828","c(-87.959192194026, 43.013449405792)",15,BURNHAM PARK,6
1682,2025-06-09T00:00:00Z,"1020 S 32ND ST, MILWAUKEE, WI, 53215-1552",Scattered Litter and Debris on Private Property,NA,SCATTERED DEBRIS,58,"1020 S 32ND ST, MILWAUKEE, WI, 53215-1552","c(-87.953519992509, 43.020454916647)",148,SILVER CITY,5
1695,2025-06-09T00:00:00Z,"2816 W CLARKE ST, MILWAUKEE, WI, 53210-2621","Cave-In, Sinkhole, or Void",NA,Sewer Grate caved-in by Clark Street School by the delivery entrance door with skid pallet over it on 29th Clarke St.,58,"2816 W CLARKE ST, MILWAUKEE, WI, 53210-2621","c(-87.949448063946, 43.066499351089)",104,METCALFE PARK,1
1705,2025-06-09T00:00:00Z,"2312 N BUFFUM ST, MILWAUKEE, WI, 53212-0000",Weeds and Tall Grass Complaint,NA,NA,58,"2312 N BUFFUM ST, MILWAUKEE, WI, 53212-0000","c(-87.906530393682, 43.060488985462)",57,HARAMBEE,3
1737,2025-06-08T00:00:00Z,"3723 W MARGARET PL, MILWAUKEE, WI, 53215-1451",Pothole in Alley,NA,null,59,"3723 W MARGARET PL, MILWAUKEE, WI, 53215-1451","c(-87.960792550799, 43.017541786198)",148,SILVER CITY,5
1781,2025-06-07T00:00:00Z,"2601 N 35TH ST, MILWAUKEE, WI, 53210-2520",Potholes,NA,POT HOLES WERE FILLED BUT THE PAVEMENT HAS DROPPED,60,"2601 N 35TH ST, MILWAUKEE, WI, 53210-2520","c(-87.957670459504, 43.066216419947)",104,METCALFE PARK,1
1817,2025-06-05T00:00:00Z,"535 W CONCORDIA AV, MILWAUKEE, WI, 53212-0000",Interior of Building in Disrepair,NA,"Exit lights are out, elevators aren't working properly, unsanitary common areas, handicap accessible doors are not working.",62,"535 W CONCORDIA AV, MILWAUKEE, WI, 53212-0000","c(-87.917829345873, 43.078258197325)",57,HARAMBEE,3
1857,2025-06-04T00:00:00Z,"3134 W BURNHAM ST, MILWAUKEE, WI, 53215-2115",Clogged Catch Basin/Surface Flooding,2025-06-04T00:00:00Z,I just drove though this puddle in a jeep and it was startling deep,0,"3134 W BURNHAM ST, MILWAUKEE, WI, 53215-2115","c(-87.953876893946, 43.010546668903)",15,BURNHAM PARK,6
1930,2025-06-01T00:00:00Z,"3167 N PALMER ST, MILWAUKEE, WI, 53212-2049",Clogged Catch Basin/Surface Flooding,NA,There are about 4 or 5 sewer drains behind the house at 3167 N Palmer St and N Bluhms Pl that are all clogged. Two are on each side of E Auer Ave in that same area.,66,"3167 N PALMER ST, MILWAUKEE, WI, 53212-2049","c(-87.909152567344, 43.07631606845)",57,HARAMBEE,3
1945,2025-06-01T00:00:00Z,"3426 N 1ST ST, MILWAUKEE, WI, 53212-1529",Bulky Pickup & San Inspector Notification,NA,Waste container overfilled and trash on ground in rear of house.,66,"3426 N 1ST ST, MILWAUKEE, WI, 53212-1529","c(-87.910521835047, 43.080924480726)",57,HARAMBEE,3
1954,2025-06-01T00:00:00Z,"127 E CENTER ST, MILWAUKEE, WI, 53212-0000",Street Light Cycling,NA,"3 lights on Center, on the west side of Palmer intersection",66,"127 E CENTER ST, MILWAUKEE, WI, 53212-0000","c(-87.91018052395, 43.067482129236)",57,HARAMBEE,3
1977,2025-05-31T00:00:00Z,"2238 S 26TH ST, MILWAUKEE, WI, 53215-2515",Scattered Litter and Debris on Private Property,NA,Possible hoarder .. many items in rear yard front yard,67,"2238 S 26TH ST, MILWAUKEE, WI, 53215-2515","c(-87.946305353169, 43.004026260695)",82,LAYTON PARK,6
1981,2025-05-31T00:00:00Z,"2632 N 28TH ST, MILWAUKEE, WI, 53210-2608",Scattered Litter and Debris on Private Property,2025-06-02T00:00:00Z,Bed Boards an Boxes,2,"2632 N 28TH ST, MILWAUKEE, WI, 53210-2608","c(-87.948430417082, 43.066818575872)",104,METCALFE PARK,1
1994,2025-05-31T00:00:00Z,"118 E RING ST, MILWAUKEE, WI, 53212-2054",Clogged Catch Basin/Surface Flooding,2025-06-02T00:00:00Z,NA,2,"118 E RING ST, MILWAUKEE, WI, 53212-2054","c(-87.910245064604, 43.077738477419)",57,HARAMBEE,3
2025,2025-05-28T00:00:00Z,"2512 N 6TH ST, MILWAUKEE, WI, 53212-0000",City-Owned Vacant Lot Weeds,2025-05-29T00:00:00Z,Overgrown lot,1,"2512 N 6TH ST, MILWAUKEE, WI, 53212-0000","c(-87.918070157952, 43.064293862816)",57,HARAMBEE,3
2033,2025-05-28T00:00:00Z,"2901 N 5TH ST, MILWAUKEE, WI, 53212-2329",Dead Animal,2025-05-29T00:00:00Z,There is a dead cat in the west bound lane at approx. 5th and locust St.,1,"2901 N 5TH ST, MILWAUKEE, WI, 53212-2329","c(-87.917040365136, 43.071296784339)",57,HARAMBEE,3
2076,2025-05-25T00:00:00Z,"2460 N 30TH ST, MILWAUKEE, WI, 53210-3119",Large Items Discarded on Private Property,NA,there is also several stacks of paper too,73,"2460 N 30TH ST, MILWAUKEE, WI, 53210-3119","c(-87.950938869245, 43.063789942797)",104,METCALFE PARK,1
2097,2025-05-25T00:00:00Z,"2519 N 35TH ST, MILWAUKEE, WI, 53210-3037",Street Light Out,NA,Lights out on a busy street area dark,73,"2519 N 35TH ST, MILWAUKEE, WI, 53210-3037","c(-87.957696946318, 43.064751305182)",104,METCALFE PARK,1
2100,2025-05-25T00:00:00Z,"2076 S 29TH ST, MILWAUKEE, WI, 53215-2232","Brush Pickup Request, Less than 2 Cubic Yards, April-November",NA,Caller request brush pickup .,73,"2076 S 29TH ST, MILWAUKEE, WI, 53215-2232","c(-87.950137224025, 43.006882897116)",15,BURNHAM PARK,6
2145,2025-05-24T00:00:00Z,2359 N HUBBARD ST,Furniture Discarded on Private Property,NA,Nuisance property.  Nothing ever gets done without a call or report to the city.,74,"2359 N HUBBARD ST, MILWAUKEE, WI","c(-87.908961543771, 43.061623849469)",57,HARAMBEE,3
2147,2025-05-24T00:00:00Z,2359 N HUBBARD ST,Weeds and Tall Grass Complaint,NA,Has not mowed grass in 5 years without me reporting them to city,74,"2359 N HUBBARD ST, MILWAUKEE, WI","c(-87.908961543771, 43.061623849469)",57,HARAMBEE,3
2148,2025-05-24T00:00:00Z,2350 N HUBBARD ST,Furniture Discarded on Private Property,NA,Trash on both sides of property.  Damaged roof with missing shingles leaking inside.  Was on city monthly inspection,74,"2350 N HUBBARD ST, MILWAUKEE, WI","c(-87.908497773068, 43.061382618296)",57,HARAMBEE,3
2149,2025-05-24T00:00:00Z,212 E NORTH AV,Junk Vehicle on Private Property,NA,Removed one junk vehicle after taking city 4 years to remove with new junk vehicle,74,"212 E NORTH AV, MILWAUKEE, WI","c(-87.909128511282, 43.06046287206)",57,HARAMBEE,3
2157,2025-05-24T00:00:00Z,"2520 N 2ND ST, MILWAUKEE, WI, 53212-2811",Scattered Litter and Debris on Private Property,NA,"5/24/2025  Garbage overflowed cans and bags are now split open and garbage spread around the alley being eaten by birds, squirrels, etc.",74,"2520 N 2ND ST, MILWAUKEE, WI, 53212-2811","c(-87.912176338915, 43.064394948568)",57,HARAMBEE,3
2210,2025-05-21T00:00:00Z,"2821 N HUBBARD ST, MILWAUKEE, WI, 53212-2432",Garbage Cart Collection Request: Cart Not at Collection Point,2025-05-21T00:00:00Z,NA,0,"2821 N HUBBARD ST, MILWAUKEE, WI, 53212-2432","c(-87.908622914883, 43.0698866458)",57,HARAMBEE,3
2238,2025-05-19T00:00:00Z,"2709 W CLARKE ST, MILWAUKEE, WI, 53210-0000",City-Owned Vacant Lot Cleanup,2025-05-21T00:00:00Z,Remove debris from city owned property,2,"2709 W CLARKE ST, MILWAUKEE, WI, 53210-0000","c(-87.947827339148, 43.065793008109)",104,METCALFE PARK,1
2283,2025-05-17T00:00:00Z,"210 W HADLEY ST, MILWAUKEE, WI, 53212-2424",No Mow May Registration,NA,NA,81,"210 W HADLEY ST, MILWAUKEE, WI, 53212-2424","c(-87.912978822325, 43.069591896175)",57,HARAMBEE,3
2295,2025-05-17T00:00:00Z,"2319 S 34TH ST, MILWAUKEE, WI, 53215-2808",Weeds and Tall Grass Complaint,NA,Hasn't mowed,81,"2319 S 34TH ST, MILWAUKEE, WI, 53215-2808","c(-87.956967301647, 43.002555278597)",82,LAYTON PARK,6
2296,2025-05-17T00:00:00Z,"3113 W LINCOLN AV, MILWAUKEE, WI, 53215-2419",Weeds and Tall Grass Complaint,NA,Property needs mowing,81,"3113 W LINCOLN AV, MILWAUKEE, WI, 53215-2419","c(-87.953463163205, 43.002898433713)",82,LAYTON PARK,6
2384,2025-05-16T00:00:00Z,"3314 W LINCOLN AV, MILWAUKEE, WI, 53215-2351",Weeds and Tall Grass Complaint,NA,Needs to mow,82,"3314 W LINCOLN AV, MILWAUKEE, WI, 53215-2351","c(-87.955987205708, 43.003237523606)",82,LAYTON PARK,6
2391,2025-05-16T00:00:00Z,"2665 N 35TH ST, MILWAUKEE, WI, 53210-2520",Small Items Discarded on Private Property,NA,Items discarded every where almost everyday,82,"2665 N 35TH ST, MILWAUKEE, WI, 53210-2520","c(-87.957626538331, 43.067566996006)",104,METCALFE PARK,1
2422,2025-05-14T00:00:00Z,"620 W BURLEIGH ST, MILWAUKEE, WI, 53212-0000",Special Pickup - Accident Debris,NA,Request for a street sweeper for accident debris near the intersection of N. 6th St. and W. Burleigh St. Debris not blocking traffic per MPD.,84,"620 W BURLEIGH ST, MILWAUKEE, WI, 53212-0000","c(-87.919359043203, 43.07504956288)",57,HARAMBEE,3
2432,2025-05-14T00:00:00Z,"2520 N PALMER ST, MILWAUKEE, WI, 53212-2832",Garbage Cart: Damaged,2025-05-15T00:00:00Z,Lid is broken off,1,"2520 N PALMER ST, MILWAUKEE, WI, 53212-2832","c(-87.909334119367, 43.064440629941)",57,HARAMBEE,3
2437,2025-05-13T00:00:00Z,"1947 S 28TH ST, MILWAUKEE, WI, 53215-2225",Garbage Supervisor Callback,2025-05-14T00:00:00Z,Caller states G-Cart at location is frequently missed. Caller states location is a curb collection point along the same block with an alley. Caller states G-Cart is missed weekly. See 5290978 and 5298404. Requesting collection as soon as possible and callback to discuss.,1,"1947 S 28TH ST, MILWAUKEE, WI, 53215-2225","c(-87.949528362578, 43.009345500269)",15,BURNHAM PARK,6
2444,2025-05-13T00:00:00Z,"2637 N 27TH ST, MILWAUKEE, WI, 53210-2602",Recycling Cart: Missing,NA,Somebody keeps stealing my recycling cart,85,"2637 N 27TH ST, MILWAUKEE, WI, 53210-2602","c(-87.947773778787, 43.066724195642)",104,METCALFE PARK,1
2492,2025-05-10T00:00:00Z,"2123 S LAYTON BL, MILWAUKEE, WI, 53215-2456","Brush Pickup Request, Less than 2 Cubic Yards, April-November",NA,NA,88,"2123 S LAYTON BL, MILWAUKEE, WI, 53215-2456","c(-87.948325727111, 43.006228228568)",82,LAYTON PARK,6
2538,2025-05-10T00:00:00Z,2402 W FOREST HOME AV,All Other Signs,NA,Eastbound far right DW-W signal needs refocus at Forest Home and Lincoln,88,"2402 W FOREST HOME AV, MILWAUKEE, WI","c(-87.945249652465, 43.002947803122)",82,LAYTON PARK,6
2588,2025-05-08T00:00:00Z,"2600 N 32ND ST, MILWAUKEE, WI, 53210-2506",Forestry Callback Request About Code Enforcement,2025-05-08T00:00:00Z,"Hi Chris, please call me on my cell at 414-712-8211. RE: Encroachment Record # PWCF-25-00886",0,"2600 N 32ND ST, MILWAUKEE, WI, 53210-2506","c(-87.953419409671, 43.06698839323)",104,METCALFE PARK,1
2599,2025-05-08T00:00:00Z,"2733 W WRIGHT ST, MILWAUKEE, WI, 53210-3108",Broken Branch Down - Not Blocking,2025-05-09T00:00:00Z,"limb is down and on the lawn, not blocking",1,"2733 W WRIGHT ST, MILWAUKEE, WI, 53210-3108","c(-87.94852923972, 43.064095044073)",104,METCALFE PARK,1
2608,2025-05-08T00:00:00Z,"3211 W LAPHAM ST, MILWAUKEE, WI, 53215-0000",Garbage Cart: Missing,NA,"G Cart broke while dumping, crew tossed it.",90,"3211 W LAPHAM ST, MILWAUKEE, WI, 53215-0000","c(-87.954317698234, 43.013926294173)",15,BURNHAM PARK,6
2625,2025-05-07T00:00:00Z,"2542 N 37TH ST, MILWAUKEE, WI, 53210-3046",Collection Schedule - Garbage and Recycling,NA,The truck drove through did not stop to dump the can.,91,"2542 N 37TH ST, MILWAUKEE, WI, 53210-3046","c(-87.959608104061, 43.065249441688)",104,METCALFE PARK,1
2636,2025-05-06T00:00:00Z,"1663 S LAYTON BL, MILWAUKEE, WI, 53215-1948",Scattered Litter and Debris on Private Property,2025-05-06T00:00:00Z,FURNITURE BEHIND PROPERTY NEEDS TO BE REMOVED IMMEDIATELY.,0,"1663 S LAYTON BL, MILWAUKEE, WI, 53215-1948","c(-87.948314160084, 43.01274838532)",15,BURNHAM PARK,6
2710,2025-05-03T00:00:00Z,"2765 S 27TH ST, MILWAUKEE, WI, 53215-3601",Potholes,NA,"Massive pothole, middle lane north bound about 100 feet before light",95,"2765 S 27TH ST, MILWAUKEE, WI, 53215-3601","c(-87.948654213896, 42.994528558568)",82,LAYTON PARK,6
2720,2025-05-02T00:00:00Z,"1663 S LAYTON BL, MILWAUKEE, WI, 53215-1948",Bulky Pickup & San Inspector Notification,NA,Bulk move out pile of furniture and debris at collection point.,96,"1663 S LAYTON BL, MILWAUKEE, WI, 53215-1948","c(-87.948314160084, 43.01274838532)",15,BURNHAM PARK,6
2749,2025-04-30T00:00:00Z,"3500 W NATIONAL AV, MILWAUKEE, WI, 53215-1025",Potholes,NA,null,98,"3500 W NATIONAL AV, MILWAUKEE, WI, 53215-1025","c(-87.957910014297, 43.021825148269)",148,SILVER CITY,5
2757,2025-04-29T00:00:00Z,"2641 N RICHARDS ST, MILWAUKEE, WI, 53212-2850",Missed Collection: Garbage,2025-05-01T00:00:00Z,g-cart at collection point,2,"2641 N RICHARDS ST, MILWAUKEE, WI, 53212-2850","c(-87.908115055369, 43.066613931706)",57,HARAMBEE,3
2760,2025-04-29T00:00:00Z,"2641 N RICHARDS ST, MILWAUKEE, WI, 53212-2850",Recycling Cart: Missing,2025-04-30T00:00:00Z,2 units,1,"2641 N RICHARDS ST, MILWAUKEE, WI, 53212-2850","c(-87.908115055369, 43.066613931706)",57,HARAMBEE,3
2779,2025-04-28T00:00:00Z,"2509 S 28TH ST, MILWAUKEE, WI, 53215-2929",Other Miscellaneous Electrical Services Request,2025-04-29T00:00:00Z,Covering for light is almost off and just hanging.,1,"2509 S 28TH ST, MILWAUKEE, WI, 53215-2929","c(-87.949702370888, 42.999236631672)",82,LAYTON PARK,6
2794,2025-04-28T00:00:00Z,"3404 N VEL R PHILLIPS AV, MILWAUKEE, WI, 53212-1435",INFO ONLY: Garbage Collection Day Information Request,2025-04-28T00:00:00Z,NA,0,"3404 N VEL R PHILLIPS AV, MILWAUKEE, WI, 53212-1435","c(-87.914905989503, 43.080564226527)",57,HARAMBEE,3
2795,2025-04-28T00:00:00Z,"941 S 35TH ST, MILWAUKEE, WI, 53215-1405",Bulky Pickup & San Inspector Notification,2025-04-29T00:00:00Z,THERE IS A LOVE SEAT DUMPED IN THE MIDDLE OF THE ALLEY // ASKING FOR THE LOVE SEAT TO BE PICKED UP,1,"941 S 35TH ST, MILWAUKEE, WI, 53215-1405","c(-87.957960640992, 43.020645898311)",148,SILVER CITY,5
2808,2025-04-27T00:00:00Z,"2432 N 35TH ST, MILWAUKEE, WI, 53210-0000",Large Items Discarded on Private Property,2025-04-28T00:00:00Z,"2432 N 35TH ST: Mattresses, furniture, debris, etc. (Vacant lot).",1,"2432 N 35TH ST, MILWAUKEE, WI, 53210-0000","c(-87.95726477539, 43.063216369163)",104,METCALFE PARK,1
2829,2025-04-27T00:00:00Z,"3314 N BUFFUM ST, MILWAUKEE, WI, 53212-1648",Garbage Cart: Missing,2025-04-28T00:00:00Z,NA,1,"3314 N BUFFUM ST, MILWAUKEE, WI, 53212-1648","c(-87.906094094695, 43.078795644957)",57,HARAMBEE,3
2837,2025-04-27T00:00:00Z,"1934 S 31ST ST, MILWAUKEE, WI, 53215-2134",INFO ONLY: Parking Violations Information,2025-04-27T00:00:00Z,"citation issued
C2516457",0,"1934 S 31ST ST, MILWAUKEE, WI, 53215-2134","c(-87.952494969569, 43.00950643281)",15,BURNHAM PARK,6
2844,2025-04-27T00:00:00Z,2603 N RICHARDS ST,All Other Signs,NA,TRAFFIC CIRCLE ORANGE + BLACK STRIPED SIGN AND POST MISSING,101,"2603 N RICHARDS ST, MILWAUKEE, WI","c(-87.908126454758, 43.065820919846)",57,HARAMBEE,3
2855,2025-04-27T00:00:00Z,"3500 W NORTH AV, MILWAUKEE, WI, 53208-0000",Construction Concerns,NA,The main roadway / street traveling west on North Avenue @ 35th Street has been under construction for over 2 months. The area has gravel and stone so it appears work is complete but it still is barricaded and difficult to travel safely at a major intersection.,101,"3500 W NORTH AV, MILWAUKEE, WI, 53208-0000","c(-87.957734161968, 43.060877818177)",104,METCALFE PARK,1
2877,2025-04-26T00:00:00Z,"324 E TOWNSEND ST, MILWAUKEE, WI, 53212-1644",Potholes,NA,Several pot holes,102,"324 E TOWNSEND ST, MILWAUKEE, WI, 53212-1644","c(-87.906745200933, 43.080439503808)",57,HARAMBEE,3
2883,2025-04-26T00:00:00Z,"2661 N 37TH ST, MILWAUKEE, WI, 53210-2528",Recycling Cart: Missing,NA,"The people in/near behind 3805 West Center Street STOLE our shit..and District 3 for the Milwaukee Police Department didn't do a FUCKING thing about it...nor might they.


Anyway........these fucks stole at LEAST 5 residential RECYCLING CARTS FROM THIS BLOCK ALONE (so don't be surprised if yall met with numerous requests in the coming days). Yall better not charge us for this either, because someone could have lost their life/lives trespassing on private property.........?",102,"2661 N 37TH ST, MILWAUKEE, WI, 53210-2528","c(-87.960055865329, 43.067422911091)",104,METCALFE PARK,1
2971,2025-04-21T00:00:00Z,"2449 B N 5TH ST, MILWAUKEE, WI, 53212-2703","Brush Pickup Request, Less than 2 Cubic Yards, April-November",2025-04-21T00:00:00Z,NA,0,"2449 B N 5TH ST, MILWAUKEE, WI, 53212-2703","c(-87.917113533565, 43.063031435924)",57,HARAMBEE,3
3023,2025-04-20T00:00:00Z,"1321 S 35TH ST, MILWAUKEE, WI, 53215-1435",No Mow May Registration,NA,NA,108,"1321 S 35TH ST, MILWAUKEE, WI, 53215-1435","c(-87.957965251039, 43.017192470383)",148,SILVER CITY,5
3057,2025-04-19T00:00:00Z,"2378 N 2ND ST, MILWAUKEE, WI, 53212-3227",Dead Animal,NA,dog,109,"2378 N 2ND ST, MILWAUKEE, WI, 53212-3227","c(-87.912370044697, 43.061996257427)",57,HARAMBEE,3
3175,2025-04-17T00:00:00Z,"2539 N 37TH ST, MILWAUKEE, WI, 53210-3047",Pothole in Alley,NA,Caller states multiple potholes along alley.,111,"2539 N 37TH ST, MILWAUKEE, WI, 53210-3047","c(-87.960083106514, 43.065148188297)",104,METCALFE PARK,1
3180,2025-04-16T00:00:00Z,"3429 N HUBBARD ST, MILWAUKEE, WI, 53212-1530",Potholes,NA,Several potholes entire block. Growing in size. It's getting impossible to avoid them with parking on both sides it becomes single traffic lane,112,"3429 N HUBBARD ST, MILWAUKEE, WI, 53212-1530","c(-87.908857691991, 43.080926115197)",57,HARAMBEE,3
3183,2025-04-16T00:00:00Z,"2547 S 33RD ST, MILWAUKEE, WI, 53215-2806",Area Dark,2025-04-17T00:00:00Z,5287554 5287670. Last Night lights went. But were on Monday night,1,"2547 S 33RD ST, MILWAUKEE, WI, 53215-2806","c(-87.955763408894, 42.998380923177)",82,LAYTON PARK,6
3204,2025-04-15T00:00:00Z,"3500 W LINCOLN AV, MILWAUKEE, WI, 53215-0000",Potholes,NA,eastbound on Lincoln right turn lane going southbound on 35th Street,113,"3500 W LINCOLN AV, MILWAUKEE, WI, 53215-0000","c(-87.958627756666, 43.003337142525)",82,LAYTON PARK,6
3205,2025-04-15T00:00:00Z,"3730 W DOROTHY PL, MILWAUKEE, WI, 53215-1402",Missed Collection: Garbage,2025-04-16T00:00:00Z,"Collection day was yesterday, They didn't pick up the garbage",1,"3730 W DOROTHY PL, MILWAUKEE, WI, 53215-1402","c(-87.960993465018, 43.018393010375)",148,SILVER CITY,5
3225,2025-04-14T00:00:00Z,"1945 S 30TH ST, MILWAUKEE, WI, 53215-2129",Sanitation Inspector Callback,NA,"H-owner at 1945-C want options call - says others dumped a 3-pc sectional sofa by alley near here. Repeat issue others dumping lately. Caller has on camera, White Dodge plate # AM76553. Said police at Dist #6 said to call City. If no answer leave callback & #.",114,"1945 S 30TH ST, MILWAUKEE, WI, 53215-2129","c(-87.951827015705, 43.009442604617)",15,BURNHAM PARK,6
3232,2025-04-14T00:00:00Z,"2511 N PALMER ST, MILWAUKEE, WI, 53212-2831",Vacant Building,NA,"November 2024, This house was on fire. There's broken windows & missing sliding from the house. NO repairs have been made since the fire.",114,"2511 N PALMER ST, MILWAUKEE, WI, 53212-2831","c(-87.909890929195, 43.064220479254)",57,HARAMBEE,3
3233,2025-04-14T00:00:00Z,"2543 N PALMER ST, MILWAUKEE, WI, 53212-2831",Vacant Building,NA,This house has been vacant for years and its an eyesore to the neighborhood & it's in need of repairs.,114,"2543 N PALMER ST, MILWAUKEE, WI, 53212-2831","c(-87.909890426281, 43.064892875527)",57,HARAMBEE,3
3249,2025-04-13T00:00:00Z,"2500 S 34TH ST, MILWAUKEE, WI, 53215-2812",Street Light Out,2025-04-14T00:00:00Z,No street lights on south 34th street from Lincoln ave. south to Pabst Ave,1,"2500 S 34TH ST, MILWAUKEE, WI, 53215-2812","c(-87.956571759636, 42.999295472633)",82,LAYTON PARK,6
3261,2025-04-13T00:00:00Z,"3010 W PEMBERTON AV, MILWAUKEE, WI, 53210-2641",Large Items Discarded on Private Property,NA,300 tires were illegal dumped,115,"3010 W PEMBERTON AV, MILWAUKEE, WI, 53210-2641","c(-87.951582599409, 43.067034577516)",104,METCALFE PARK,1
3288,2025-04-13T00:00:00Z,"3500 W NATIONAL AV, MILWAUKEE, WI, 53215-1025",Potholes,NA,the pothole Is in the left lane heading west bound on national right after the light. the hole is deep.,115,"3500 W NATIONAL AV, MILWAUKEE, WI, 53215-1025","c(-87.957910014297, 43.021825148269)",148,SILVER CITY,5
3350,2025-04-11T00:00:00Z,"227 E TOWNSEND ST, MILWAUKEE, WI, 53212-0000",Bulky Pickup & San Inspector Notification,NA,Furniture and debris at sidewalk,117,"227 E TOWNSEND ST, MILWAUKEE, WI, 53212-0000","c(-87.908396016764, 43.080097941253)",57,HARAMBEE,3
3385,2025-04-10T00:00:00Z,"2614 N 1ST ST, MILWAUKEE, WI, 53212-2807",Garbage Cart: No Cart,2025-04-11T00:00:00Z,2 unit.,1,"2614 N 1ST ST, MILWAUKEE, WI, 53212-2807","c(-87.910661058459, 43.066102300336)",57,HARAMBEE,3
3386,2025-04-10T00:00:00Z,"2612 N 1ST ST, MILWAUKEE, WI, 53212-2807",INFO ONLY: Garbage Collection Day Information Request,2025-04-10T00:00:00Z,NA,0,"2612 N 1ST ST, MILWAUKEE, WI, 53212-2807","c(-87.910662734839, 43.066089895119)",57,HARAMBEE,3
3387,2025-04-10T00:00:00Z,2870 S 35TH ST,Potholes,NA,Northbound traffic,118,"2870 S 35TH ST, MILWAUKEE, WI","c(-87.957754110898, 42.992419965096)",82,LAYTON PARK,6
3391,2025-04-10T00:00:00Z,"421 E LOCUST ST, MILWAUKEE, WI, 53212-0000",Scattered Litter and Debris on Private Property,NA,ENF-2025-09601 COMPLAINT MARKED AS NO VIOLATION. INSPECTOR PHOTO SHOWS LITTER. LITTER IS STREWN ON THE ENTIRE CORNER OF THIS LOT ON HOLTON AND LOCUST MARKED AS NO VIOLATION AFTER 16 DAYS. LOT HAS BEEN AN ISSUE ON THIS CORNER FOR THE LAST COUPLE OF YEARS WHEN OWNED BY HOUSING AUTHORITY. NOW OWNED BY PRIVATE ENTITY,118,"421 E LOCUST ST, MILWAUKEE, WI, 53212-0000","c(-87.905850013674, 43.070642651557)",57,HARAMBEE,3
3392,2025-04-09T00:00:00Z,"2857 N HUBBARD ST, MILWAUKEE, WI, 53212-2432",Garbage Cart: Missing,2025-04-09T00:00:00Z,"This is a three unit dwelling one of the carts is missing ,also there is damage to a lid on one of the carts plus rodent holes please repair or replace as needed Thank You",0,"2857 N HUBBARD ST, MILWAUKEE, WI, 53212-2432","c(-87.908711092504, 43.07061557801)",57,HARAMBEE,3
3394,2025-04-09T00:00:00Z,"3639 W BECHER ST, MILWAUKEE, WI, 53215-2324",Missed Collection: Recycling,2025-04-10T00:00:00Z,"Schedule showed yesterday, 2 other neighbors also still have bins out",1,"3639 W BECHER ST, MILWAUKEE, WI, 53215-2324","c(-87.96027823722, 43.006437901876)",82,LAYTON PARK,6
3397,2025-04-08T00:00:00Z,"1808 S 30TH ST, MILWAUKEE, WI, 53215-2126",Potholes,NA,"We have multiple potholes, especially in front of 1752 S 30th St, where there are about 15-20 potholes right before the speed bump.",120,"1808 S 30TH ST, MILWAUKEE, WI, 53215-2126","c(-87.951362239174, 43.011087595025)",15,BURNHAM PARK,6
3398,2025-04-08T00:00:00Z,"3135 W BURNHAM ST, MILWAUKEE, WI, 53215-2114",Scattered Litter and Debris on Private Property,2025-04-09T00:00:00Z,SCATTERED TRASH AND BAGS BEHIND PROPERTY.,1,"3135 W BURNHAM ST, MILWAUKEE, WI, 53215-2114","c(-87.95390162056, 43.010082185739)",15,BURNHAM PARK,6
3445,2025-04-06T00:00:00Z,"2628 N 30TH ST, MILWAUKEE, WI, 53210-0000",Dogs At Large,2025-04-07T00:00:00Z,This property or the upper unit (2630) is breeding pit bulls.  The owners walk many unleashed pit bulls at once down the street.,1,"2628 N 30TH ST, MILWAUKEE, WI, 53210-0000","c(-87.950769303344, 43.06672348318)",104,METCALFE PARK,1
3471,2025-04-05T00:00:00Z,"3811 W LINCOLN AV, MILWAUKEE, WI, 53215-2338",Roots Lifting Sidewalk,NA,Near tow truck entrance,123,"3811 W LINCOLN AV, MILWAUKEE, WI, 53215-2338","c(-87.962113287282, 43.002540652176)",82,LAYTON PARK,6
3493,2025-04-05T00:00:00Z,"3459 W FOREST HOME AV, MILWAUKEE, WI, 53215-3531",Potholes,NA,"Potholes at cross walk northwest corner, south bound lanes",123,"3459 W FOREST HOME AV, MILWAUKEE, WI, 53215-3531","c(-87.957687307129, 42.99469808256)",82,LAYTON PARK,6
3651,2025-04-02T00:00:00Z,"3116 N DR WILLIAM FINLAYSON ST, MILWAUKEE, WI, 53212-0000",Scattered Litter and Debris on Private Property,2025-04-02T00:00:00Z,SCATTERED DEBRIS ON PROPERTY,0,"3116 N DR WILLIAM FINLAYSON ST, MILWAUKEE, WI, 53212-0000","c(-87.9165562186, 43.075259152369)",57,HARAMBEE,3
3683,2025-03-31T00:00:00Z,"907 S 35TH ST, 2, MILWAUKEE, WI, 53215-1405",Graffiti,NA,Another tagging at 3501 W. National Avenue on North facade of building,128,"907 S 35TH ST, 2, MILWAUKEE, WI, 53215-1405","c(-87.957888640444, 43.021335309847)",148,SILVER CITY,5
3704,2025-03-30T00:00:00Z,"2437 S 28TH ST, MILWAUKEE, WI, 53215-2927",Potholes,NA,"The water main broke last year, around October,  and the hole to fix it in the middle of the street is still not repaired.  With this being a one-way street with limited parking, we have seen numerous cars damaged trying to get around it.",129,"2437 S 28TH ST, MILWAUKEE, WI, 53215-2927","c(-87.949621066428, 43.000547100324)",82,LAYTON PARK,6
3712,2025-03-30T00:00:00Z,"2157 S 33RD ST, MILWAUKEE, WI, 53215-2411",Bulky Pickup & San Inspector Notification,NA,SOFA,129,"2157 S 33RD ST, MILWAUKEE, WI, 53215-2411","c(-87.955662909875, 43.005446532278)",82,LAYTON PARK,6
3741,2025-03-30T00:00:00Z,"2519 N 35TH ST, MILWAUKEE, WI, 53210-3037",Street Light Out,2025-03-30T00:00:00Z,Lights out area dark,0,"2519 N 35TH ST, MILWAUKEE, WI, 53210-3037","c(-87.957696946318, 43.064751305182)",104,METCALFE PARK,1
3742,2025-03-30T00:00:00Z,"228 E HADLEY ST, MILWAUKEE, WI, 53212-2431",Sidewalk Repair,NA,There is a section of sidewalk that needs to be replaced it has been this way for over 10 years it‚Äôs on the N/W corner of Hubbard/Hadley St. A complaint was put in last season the sidewalk has crumbled it is also a safety hazard Thank You,129,"228 E HADLEY ST, MILWAUKEE, WI, 53212-2431","c(-87.908568683969, 43.069589968337)",57,HARAMBEE,3
3757,2025-03-29T00:00:00Z,"3879 W LINCOLN AV, MILWAUKEE, WI, 53215-2338",City-Owned Building Cleanup,2025-03-31T00:00:00Z,Scant wood chips at Self help are littered with garbage. Working staff laughed about the disgusting pile rather then offering options or apology.,2,"3879 W LINCOLN AV, MILWAUKEE, WI, 53215-2338","c(-87.961425216851, 43.002417983023)",82,LAYTON PARK,6
3762,2025-03-29T00:00:00Z,"2648 N 28TH ST, MILWAUKEE, WI, 53210-2608",Recycling Cart: Missing,NA,NA,130,"2648 N 28TH ST, MILWAUKEE, WI, 53210-2608","c(-87.948305359086, 43.067167472591)",104,METCALFE PARK,1
3771,2025-03-29T00:00:00Z,"2758 N PALMER ST, MILWAUKEE, WI, 53212-2427",Large Items Discarded on Private Property,NA,four or five large black trash bags dumped in empty lot,130,"2758 N PALMER ST, MILWAUKEE, WI, 53212-2427","c(-87.909268321427, 43.068855587891)",57,HARAMBEE,3
3884,2025-03-23T00:00:00Z,"2654 N PALMER ST, MILWAUKEE, WI, 53212-2834",Garbage Cart: Delete,NA,"house had 2 garbage carts when we purchased it in January.  I called in and requested the second be removed, have not heard follow up, submitting request to remove here so we are not charged for it again.",136,"2654 N PALMER ST, MILWAUKEE, WI, 53212-2834","c(-87.90924904305, 43.066902101537)",57,HARAMBEE,3
3894,2025-03-23T00:00:00Z,"318 E BURLEIGH ST, MILWAUKEE, WI, 53212-2115",Recycling Cart: Additional,NA,NA,136,"318 E BURLEIGH ST, MILWAUKEE, WI, 53212-2115","c(-87.907062791245, 43.075020561495)",57,HARAMBEE,3
3927,2025-03-22T00:00:00Z,"2777 S 27TH ST, MILWAUKEE, WI, 53215-3601",Potholes,NA,This is my second request for these potholes. The map will not give me an even address. 2728 S 27th St   North to Lincoln Ave along the center median in the northbound lanes. HORRIBLE. I‚Äôm an officer at District 6 you can contact me there if you need me to point them out. Thank you üëÆüèª‚Äç‚ôÇÔ∏è. Not sure why I got a ‚Äúfinished‚Äù message.,137,"2777 S 27TH ST, MILWAUKEE, WI, 53215-3601","c(-87.948584727919, 42.994204262734)",82,LAYTON PARK,6
3939,2025-03-22T00:00:00Z,"1441 S 35TH ST, MILWAUKEE, WI, 53215-1814",Food Establishment Complaint,NA,"Aldi at 35th & Greenfield has an emergency exit at the southeast corner of the building, but staff blocked it with a pallet full of boxes of sparkling water.  Around 2:45 pm today (3/22/2025), Aldi staff told us that customers were using that door to steal products.  An Aldi staff member actually claimed that Aldi received permission from the City to block this emergency exit.  I doubt the City would grant such permission and become liable for deaths in a fire.  My family complained to the Aldi manager, Julia, to no avail. Julia indicated they deliberately blocked the fire exit to avoid theft.  Please send a fire inspector to inform them about the fire code.  Thank you.",137,"1441 S 35TH ST, MILWAUKEE, WI, 53215-1814","c(-87.957901464756, 43.015742149677)",15,BURNHAM PARK,6
3995,2025-03-19T00:00:00Z,"2700 W NORTH AV, MILWAUKEE, WI, 53208-1548",INFO ONLY: Miscellaneous Information Request,2025-03-19T00:00:00Z,Called in - Intersection 27th W. North Ave- Flashing red all directions,0,"2700 W NORTH AV, MILWAUKEE, WI, 53208-1548","c(-87.948755467287, 43.061625400121)",104,METCALFE PARK,1
4011,2025-03-18T00:00:00Z,"420 E BURLEIGH ST, MILWAUKEE, WI, 53212-2117",Missed Collection: Recycling,2025-03-19T00:00:00Z,"r cart fully visible, fully accessible, not emptied today but all others left & right were, please collect...",1,"420 E BURLEIGH ST, MILWAUKEE, WI, 53212-2117","c(-87.905802153007, 43.074964360835)",57,HARAMBEE,3
4038,2025-03-17T00:00:00Z,"2512 N 34TH ST, MILWAUKEE, WI, 53210-3030",Scattered Litter and Debris on Private Property,NA,A lot of trash in the back of the house,142,"2512 N 34TH ST, MILWAUKEE, WI, 53210-3030","c(-87.956074209863, 43.064646321845)",104,METCALFE PARK,1
4095,2025-03-15T00:00:00Z,"1119 S 37TH ST, MILWAUKEE, WI, 53215-1421",Recycling Cart: Missing,NA,We need a recycling bin. Someone took ours.,144,"1119 S 37TH ST, MILWAUKEE, WI, 53215-1421","c(-87.960299359616, 43.019384254245)",148,SILVER CITY,5
4167,2025-03-12T00:00:00Z,"2534 W LINCOLN AV, MILWAUKEE, WI, 53215-2575",Scattered Litter and Debris on Private Property,2025-03-12T00:00:00Z,Debris all over the yard,0,"2534 W LINCOLN AV, MILWAUKEE, WI, 53215-2575","c(-87.94639017803, 43.00340683805)",82,LAYTON PARK,6
4192,2025-03-11T00:00:00Z,"3144 W PIERCE ST, MILWAUKEE, WI, 53215-1118",Scattered Litter and Debris on Private Property,NA,Please remove scattered debris off private property.,148,"3144 W PIERCE ST, MILWAUKEE, WI, 53215-1118","c(-87.953983511754, 43.023917229392)",148,SILVER CITY,5
4193,2025-03-11T00:00:00Z,"3142 W PIERCE ST, MILWAUKEE, WI, 53215-1118",Scattered Litter and Debris on Private Property,NA,Please remove scattered debris off private property.,148,"3142 W PIERCE ST, MILWAUKEE, WI, 53215-1118","c(-87.953859711044, 43.024001257971)",148,SILVER CITY,5
4225,2025-03-10T00:00:00Z,"3406 N VEL R PHILLIPS AV, MILWAUKEE, WI, 53212-1435",Street Light Out,NA,There has been a blackout for the past few weeks now. Photos are attached,149,"3406 N VEL R PHILLIPS AV, MILWAUKEE, WI, 53212-1435","c(-87.914905151313, 43.080540380013)",57,HARAMBEE,3
4270,2025-03-09T00:00:00Z,1668 S 33RD ST,Potholes,2025-03-10T00:00:00Z,There was a water line problem a couple weeks ago - whole width of street was cut - and cold patch put in place is 3-4 inches short of what's needed for a smooth transition.  Cars that are aware of the issue have to come to a complete stop to pass over the cut in the road.   There are also small-medium potholes/ eroding joints 20 ft to the east at the intersection.  Thank you if there is anything that can be done to smooth things over.,1,"1668 S 33RD ST, MILWAUKEE, WI","c(-87.954898480305, 43.012587704236)",15,BURNHAM PARK,6
4271,2025-03-09T00:00:00Z,1610 S 33RD ST,Pothole in Alley,NA,There are issues / need for cold patch throughout the alley.   Thank you for your help.,150,"1610 S 33RD ST, MILWAUKEE, WI","c(-87.954867634901, 43.013773659716)",15,BURNHAM PARK,6
4276,2025-03-09T00:00:00Z,"3417 W SCOTT ST, MILWAUKEE, WI, 53215-1501",Recycling Cart: No Cart,NA,NA,150,"3417 W SCOTT ST, MILWAUKEE, WI, 53215-1501","c(-87.956976773197, 43.018791276505)",148,SILVER CITY,5
4291,2025-03-09T00:00:00Z,"3116 N 6TH ST, MILWAUKEE, WI, 53212-1909",Area Dark,2025-03-09T00:00:00Z,Is this an emergency or is it not? Street lights have been off for 4 days.,0,"3116 N 6TH ST, MILWAUKEE, WI, 53212-1909","c(-87.918323878161, 43.075303073542)",57,HARAMBEE,3
4313,2025-03-08T00:00:00Z,"3320 W KINNICKINNIC RIVER PK, 2, MILWAUKEE, WI, 53215-3645",Bulky Pickup & San Inspector Notification,NA,Cream color couch,151,"3320 W KINNICKINNIC RIVER PK, 2, MILWAUKEE, WI, 53215-3645","c(-87.956296665574, 42.991003674916)",82,LAYTON PARK,6
4358,2025-03-06T00:00:00Z,"2909 N RICHARDS ST, MILWAUKEE, WI, 53212-0000",Bulky Pickup & San Inspector Notification,2025-03-06T00:00:00Z,"carts not being collected, neighbor requesting inspector due to overflowing carts, possibly contaminated",0,"2909 N RICHARDS ST, MILWAUKEE, WI, 53212-0000","c(-87.908095022621, 43.071424557395)",57,HARAMBEE,3
4362,2025-03-06T00:00:00Z,"4000 W BURNHAM ST, MILWAUKEE, WI, 53215-2031",Potholes,NA,Big pothole right on the railroad tracks just before Miller Park Way,153,"4000 W BURNHAM ST, MILWAUKEE, WI, 53215-2031","c(-87.964187137766, 43.010794982785)",15,BURNHAM PARK,6
4442,2025-03-01T00:00:00Z,"2911 S 32ND ST, MILWAUKEE, WI, 53215-3616",Other Miscellaneous Forestry Request,NA,"The school does not pick up their leaves along the south and west sides of the property. I have lived down the road in this neighborhood for four years and every year the leaves pile-up along the sidewalk and alley. It is a nuisance for many reasons including that it makes the area look messy, it attracts garbage, people let their dogs poop all over it. I‚Äôve also seen dead rodents buried in the leaves. I‚Äôd like my children to be able to play in the vicinity without being concerned about it. Also, In the winter, this area becomes a muddy mess and it‚Äôs so unnecessary if the school would just pick up these leaves year-round. I‚Äôve attempted to contact the school directly but they do not have a public email that I could find.",158,"2911 S 32ND ST, MILWAUKEE, WI, 53215-3616","c(-87.954788509735, 42.991880841084)",82,LAYTON PARK,6
4448,2025-03-01T00:00:00Z,"2932 N 7TH ST, MILWAUKEE, WI, 53212-2339",Street Light Out,NA,Street light in front of 2932 n 7th street milwaukee 53212 is out.,158,"2932 N 7TH ST, MILWAUKEE, WI, 53212-2339","c(-87.919519556649, 43.072029688895)",57,HARAMBEE,3
4512,2025-02-27T00:00:00Z,"2555 N 6TH ST, MILWAUKEE, WI, 53212-0000","Parking on Unapproved Surface, Private Property",2025-02-27T00:00:00Z,PARKING ON LAWN,0,"2555 N 6TH ST, MILWAUKEE, WI, 53212-0000","c(-87.918857805393, 43.065185948771)",57,HARAMBEE,3
4556,2025-02-24T00:00:00Z,2638 W LINCOLN AV,Street Name Signs,NA,need to know what street I am at Please put up a sign!,163,"2638 W LINCOLN AV, MILWAUKEE, WI","c(-87.947807557857, 43.003333077302)",82,LAYTON PARK,6
4565,2025-02-24T00:00:00Z,"638 W CHAMBERS ST, MILWAUKEE, WI, 53212-2310",Missed Collection: Garbage,2025-02-25T00:00:00Z,NA,1,"638 W CHAMBERS ST, MILWAUKEE, WI, 53212-2310","c(-87.919579822533, 43.07327498825)",57,HARAMBEE,3
4566,2025-02-24T00:00:00Z,"638 W CHAMBERS ST, MILWAUKEE, WI, 53212-2310",Missed Collection: Recycling,2025-02-25T00:00:00Z,NA,1,"638 W CHAMBERS ST, MILWAUKEE, WI, 53212-2310","c(-87.919579822533, 43.07327498825)",57,HARAMBEE,3
4586,2025-02-23T00:00:00Z,"2765 S 27TH ST, MILWAUKEE, WI, 53215-3601",Potholes,NA,Massive pothole,164,"2765 S 27TH ST, MILWAUKEE, WI, 53215-3601","c(-87.948654213896, 42.994528558568)",82,LAYTON PARK,6
4659,2025-02-22T00:00:00Z,"2148 S 28TH ST, MILWAUKEE, WI, 53215-2424",Missed Collection: Recycling,NA,My recycling was not picked up,165,"2148 S 28TH ST, MILWAUKEE, WI, 53215-2424","c(-87.94908931849, 43.005649164787)",82,LAYTON PARK,6
4666,2025-02-21T00:00:00Z,"2369 N 6TH ST, MILWAUKEE, WI, 53212-3133",Rats or Rat Harborage,NA,"Rats, raccoons possums squirrels are all around the property due to overflowing of garbage. trash debris all on the ground that‚Äôs causing rot. This is a recurring problem.",166,"2369 N 6TH ST, MILWAUKEE, WI, 53212-3133","c(-87.918815812058, 43.061893956299)",57,HARAMBEE,3
4667,2025-02-21T00:00:00Z,"2369 N 6TH ST, MILWAUKEE, WI, 53212-3133",Scattered Litter and Debris on Private Property,NA,"2369 2371 continues to overload the trash cans with garbage. Trash is overflowing the garbage cans ,causing trash debris flying everywhere. This is a continuous problem.There are rottens from the top to the bottom of the garbage cans.",166,"2369 N 6TH ST, MILWAUKEE, WI, 53212-3133","c(-87.918815812058, 43.061893956299)",57,HARAMBEE,3
4687,2025-02-19T00:00:00Z,"2570 N 2ND ST, MILWAUKEE, WI, 53212-2811",Missed Collection: Recycling,NA,NA,168,"2570 N 2ND ST, MILWAUKEE, WI, 53212-2811","c(-87.912284716923, 43.06548300342)",57,HARAMBEE,3
4720,2025-02-17T00:00:00Z,"2821 N HUBBARD ST, MILWAUKEE, WI, 53212-2432",Recycling Cart: Missing,NA,NA,170,"2821 N HUBBARD ST, MILWAUKEE, WI, 53212-2432","c(-87.908622914883, 43.0698866458)",57,HARAMBEE,3
4732,2025-02-16T00:00:00Z,"2570 N 2ND ST, MILWAUKEE, WI, 53212-2811",Missed Collection: Recycling,NA,recycling was supposed to be collected February 3 through 6 never collected.,171,"2570 N 2ND ST, MILWAUKEE, WI, 53212-2811","c(-87.912284716923, 43.06548300342)",57,HARAMBEE,3
4778,2025-02-16T00:00:00Z,"2570 N 2ND ST, MILWAUKEE, WI, 53212-2811",Missed Collection: Garbage,NA,Missed collection,171,"2570 N 2ND ST, MILWAUKEE, WI, 53212-2811","c(-87.912284716923, 43.06548300342)",57,HARAMBEE,3
4792,2025-02-16T00:00:00Z,"2234 S 25TH ST, MILWAUKEE, WI, 53215-2511",INFO ONLY: Parking Violations Information,2025-02-16T00:00:00Z,Timed 48hrs 5:30pm Feb14 C2505754,0,"2234 S 25TH ST, MILWAUKEE, WI, 53215-2511","c(-87.944957878415, 43.004054256251)",82,LAYTON PARK,6
4821,2025-02-16T00:00:00Z,"3015 N BUFFUM ST, MILWAUKEE, WI, 53212-2112",Plow Damage - Curb / Concrete Repair,NA,My car was in perfect condition yesterday at 4pm when I got home from work. When I awoke to go to work my car front driver‚Äôs side front end was damaged. The tire marks indicate it was a plow truck not a car. I‚Äôm very upset with the unprofessionalism of this plow truck driver and for messing up my property of my car.,171,"3015 N BUFFUM ST, MILWAUKEE, WI, 53212-2112","c(-87.906843855934, 43.073354448692)",57,HARAMBEE,3
4850,2025-02-16T00:00:00Z,"3422 W HAYES AV, MILWAUKEE, WI, 53215-2827",INFO ONLY: Parking Violations Information,2025-02-16T00:00:00Z,C2506053 vehicle being timed 24hrs 4:03am,0,"3422 W HAYES AV, MILWAUKEE, WI, 53215-2827","c(-87.957495529185, 43.001406580676)",82,LAYTON PARK,6
4877,2025-02-16T00:00:00Z,"3715 W NATIONAL AV, MILWAUKEE, WI, 53215-1007",Graffiti,NA,Storefront windows recently tagged.,171,"3715 W NATIONAL AV, MILWAUKEE, WI, 53215-1007","c(-87.960572190564, 43.021254634029)",148,SILVER CITY,5
4885,2025-02-15T00:00:00Z,"3025 N 6TH ST, MILWAUKEE, WI, 53212-1906",Garbage Cart: New Customer,NA,Please deliver as soon as you can.,172,"3025 N 6TH ST, MILWAUKEE, WI, 53212-1906","c(-87.918601570613, 43.073678744525)",57,HARAMBEE,3
4886,2025-02-15T00:00:00Z,"3027 N 6TH ST, MILWAUKEE, WI, 53212-1906",Recycling Cart: New Customer,NA,Please deliver as soon as possible.,172,"3027 N 6TH ST, MILWAUKEE, WI, 53212-1906","c(-87.918602827899, 43.073665207752)",57,HARAMBEE,3
4914,2025-02-15T00:00:00Z,"2437 N 37TH ST, MILWAUKEE, WI, 53210-3045",No Heat,NA,Hi I rent a house on 37th the house address is 2437 N 37th the house is own by Smart Access they don‚Äôt really come to fix any problems if you call them but my furnace is not working correctly I have sent in two maintenance request and even call them some man came out and wasn‚Äôt even here for 30 minutes I explained that I had no heat and it‚Äôs so cold in the house I have to run my stove and I have 2 small children and one just has medical issues where being in an environment that has no heat cause his condition to act up but the furnace doesn‚Äôt stay on the man didn‚Äôt say anything he look at the thermostat and was going down to the basement I told him that the heat keep cutting off my thermostat can be on 80 and the heat can run and it automatically cuts offs and not come back on at all you have to go downstairs to bang and flip a switch and it redoes it all over again to where I gotta do down there again but the maintenance guy didn‚Äôt do any thing he told me that it wasn‚Äôt doing that furnace it‚Äôs not staying lit and he didn‚Äôt leave no type of contact for to check and make sure everything was still running okay literally was in my house less than 20mins than gone say it‚Äôs fix  the heat was running and after he left it cuts right back off 20 minutes  after he left it‚Äôs really cold my whole entire house is cold they don‚Äôt call you back to see anything was fix I been dealing with this for a week now and we have days that our going to be in the negative temperature coming this week and my kids cannot be in the house where there‚Äôs no heat I truly fill like they our not taking this matter seriously  because I can‚Äôt even get in contact with owners who owns the agency of smart Assets,172,"2437 N 37TH ST, MILWAUKEE, WI, 53210-3045","c(-87.960211936366, 43.063304798241)",104,METCALFE PARK,1
4934,2025-02-12T00:00:00Z,"3738 W SCOTT ST, MILWAUKEE, WI, 53215-1404",Missed Collection: Garbage,NA,My garbage was not collected,175,"3738 W SCOTT ST, MILWAUKEE, WI, 53215-1404","c(-87.961225057003, 43.01925831615)",148,SILVER CITY,5
4953,2025-02-10T00:00:00Z,"2331 N BUFFUM ST, MILWAUKEE, WI, 53212-3305",Recycling Cart: No Cart,NA,"single, no r-cart on site",177,"2331 N BUFFUM ST, MILWAUKEE, WI, 53212-3305","c(-87.906834803478, 43.060988794575)",57,HARAMBEE,3
4965,2025-02-09T00:00:00Z,"338 W NORTH AV, MILWAUKEE, WI, 53212-3145",Special Pickup - Accident Debris,2025-02-10T00:00:00Z,NA,1,"338 W NORTH AV, MILWAUKEE, WI, 53212-3145","c(-87.915353080218, 43.060514714131)",57,HARAMBEE,3
5013,2025-02-06T00:00:00Z,"2123 S LAYTON BL, MILWAUKEE, WI, 53215-2456",Recycling Cart: Damaged,NA,Cart is cracked with hole on side,181,"2123 S LAYTON BL, MILWAUKEE, WI, 53215-2456","c(-87.948325727111, 43.006228228568)",82,LAYTON PARK,6
5086,2025-01-31T00:00:00Z,"2556 S 29TH ST, MILWAUKEE, WI, 53215-2905",Dead Animal,NA,"Dead possum, middle of street.",187,"2556 S 29TH ST, MILWAUKEE, WI, 53215-2905","c(-87.950343167386, 42.998245052527)",82,LAYTON PARK,6
5093,2025-01-30T00:00:00Z,"418 E LOCUST ST, MILWAUKEE, WI, 53212-2526",Clogged Catch Basin/Surface Flooding,NA,Operator contacted M5 at 708-7339.,188,"418 E LOCUST ST, MILWAUKEE, WI, 53212-2526","c(-87.905850768045, 43.071347862981)",57,HARAMBEE,3
5106,2025-01-30T00:00:00Z,"2177 S 32ND ST, MILWAUKEE, WI, 53215-2437",Broken Branch Down - Not Blocking,2025-01-30T00:00:00Z,Grant St side. on the grass 3ft long,0,"2177 S 32ND ST, MILWAUKEE, WI, 53215-2437","c(-87.954521881395, 43.004995963073)",82,LAYTON PARK,6
5213,2025-01-25T00:00:00Z,"2112 S 24TH ST, MILWAUKEE, WI, 53215-2507",Missed Collection: Recycling,2025-01-25T00:00:00Z,Third request submitted: recycling carts have not been emptied since beginning of December. Two full carts. Have not been emptied every 15-20 days as per the winter schedule.,0,"2112 S 24TH ST, MILWAUKEE, WI, 53215-2507","c(-87.943556508023, 43.006313682071)",82,LAYTON PARK,6
5227,2025-01-24T00:00:00Z,1723 S 29TH ST,Street Light Out,NA,S 29th street between Mitchell and Burnham,194,"1723 S 29TH ST, MILWAUKEE, WI","c(-87.950772739924, 43.011938777292)",15,BURNHAM PARK,6
5248,2025-01-22T00:00:00Z,"1726 S 31ST ST, MILWAUKEE, WI, 53215-0000",Light Pole Splice Box Open,2025-01-22T00:00:00Z,NA,0,"1726 S 31ST ST, MILWAUKEE, WI, 53215-0000","c(-87.952694179909, 43.012084080615)",15,BURNHAM PARK,6
5264,2025-01-20T00:00:00Z,"3201 N BUFFUM ST, MILWAUKEE, WI, 53212-0000",Garbage Cart: Damaged,NA,2 garbage cart lids broken. Need replacement lids.,198,"3201 N BUFFUM ST, MILWAUKEE, WI, 53212-0000","c(-87.906630117403, 43.076722506935)",57,HARAMBEE,3
5286,2025-01-19T00:00:00Z,"2659 N BUFFUM ST, MILWAUKEE, WI, 53212-0000",Garbage Cart Collection Request: Cart Not at Collection Point,NA,Normal pick is alley. This cart is on the curb. Not sure where it came from but it is over-flowing. Cart is slightly north of address given in front of tot lot. Suggest removal of cart.,199,"2659 N BUFFUM ST, MILWAUKEE, WI, 53212-0000","c(-87.9069194607, 43.067010102359)",57,HARAMBEE,3
5312,2025-01-19T00:00:00Z,"3376 N BUFFUM ST, MILWAUKEE, WI, 53212-1648",Drainage or Standing Water Not Related to a Clogged Catch Basin,NA,Broken water main in the street,199,"3376 N BUFFUM ST, MILWAUKEE, WI, 53212-1648","c(-87.905946908475, 43.080060809422)",57,HARAMBEE,3
5372,2025-01-18T00:00:00Z,"2714 N RICHARDS ST, MILWAUKEE, WI, 53212-2438",Missed Collection: Recycling,NA,no collection,200,"2714 N RICHARDS ST, MILWAUKEE, WI, 53212-2438","c(-87.907568220006, 43.067913042879)",57,HARAMBEE,3
5382,2025-01-18T00:00:00Z,"228 E HADLEY ST, MILWAUKEE, WI, 53212-2431",Christmas Tree Pickup,NA,Christmas tree will be between a sign and a small tree on the curb in front of the house.,200,"228 E HADLEY ST, MILWAUKEE, WI, 53212-2431","c(-87.908568683969, 43.069589968337)",57,HARAMBEE,3
5384,2025-01-18T00:00:00Z,"2656 N 36TH ST, MILWAUKEE, WI, 53210-2523",Garbage Cart: No Cart,NA,NA,200,"2656 N 36TH ST, MILWAUKEE, WI, 53210-2523","c(-87.958400523271, 43.067332805631)",104,METCALFE PARK,1
5415,2025-01-16T00:00:00Z,"2122 S 24TH ST, MILWAUKEE, WI, 53215-2507",Missed Collection: Garbage,2025-01-16T00:00:00Z,Garbage crew came didn‚Äôt take my garbage,0,"2122 S 24TH ST, MILWAUKEE, WI, 53215-2507","c(-87.94353773256, 43.006146295465)",82,LAYTON PARK,6
5417,2025-01-16T00:00:00Z,"2122 S 24TH ST, MILWAUKEE, WI, 53215-2507",Missed Collection: Recycling,2025-01-16T00:00:00Z,NA,0,"2122 S 24TH ST, MILWAUKEE, WI, 53215-2507","c(-87.94353773256, 43.006146295465)",82,LAYTON PARK,6
5472,2025-01-12T00:00:00Z,"2637 N 29TH ST, MILWAUKEE, WI, 53210-2629",Special Services Miscellaneous,NA,Caller reports a lot of debris & garbage dumped on vacant lot posing a significant hazard to the neighborhood. The dump is on lot on N 30th St near the listed address.,206,"2637 N 29TH ST, MILWAUKEE, WI, 53210-2629","c(-87.950111743039, 43.066912034092)",104,METCALFE PARK,1
5515,2025-01-10T00:00:00Z,"3205 W MITCHELL ST, MILWAUKEE, WI, 53215-1843",Missed Collection: Garbage,NA,Caller states G-Crat along entire block were missed 1-8-2025. Requesting collection.,208,"3205 W MITCHELL ST, MILWAUKEE, WI, 53215-1843","c(-87.954316860044, 43.012267180259)",15,BURNHAM PARK,6
5521,2025-01-10T00:00:00Z,"2628 N 30TH ST, MILWAUKEE, WI, 53210-0000",City-Owned Vacant Lot Cleanup,NA,"Alley. Illegal Dumping large furniture, tires, toilet, constructional materials, bags of garbage and clothes",208,"2628 N 30TH ST, MILWAUKEE, WI, 53210-0000","c(-87.950769303344, 43.06672348318)",104,METCALFE PARK,1
5533,2025-01-09T00:00:00Z,"1835 S LAYTON BL, MILWAUKEE, WI, 53215-2217",Missed Collection: Recycling,2025-01-10T00:00:00Z,NA,1,"1835 S LAYTON BL, MILWAUKEE, WI, 53215-2217","c(-87.948268813988, 43.010585099929)",15,BURNHAM PARK,6
5658,2025-01-02T00:00:00Z,"2909 W GREENFIELD AV, MILWAUKEE, WI, 53215-1920",Special Pickup - Accident Debris,NA,"Car accident, one big tire and other debris needs to be cleaned up.",216,"2909 W GREENFIELD AV, MILWAUKEE, WI, 53215-1920","c(-87.950647849567, 43.016783517328)",15,BURNHAM PARK,6
5680,2025-01-02T00:00:00Z,"1812 S 29TH ST, MILWAUKEE, WI, 53215-2208",INFO ONLY: Garbage Collection Day Information Request,2025-01-02T00:00:00Z,NA,0,"1812 S 29TH ST, MILWAUKEE, WI, 53215-2208","c(-87.950043598167, 43.010990658314)",15,BURNHAM PARK,6
